<?xml version="1.0" encoding="UTF-8" ?>
<persoane>
    <persoana id="1">
        <cnp>6030323170045</cnp>
        <nume>Popescu</nume>
        <prenume>Ion</prenume>
        <varsta>23</varsta>
        <adresa>
            <strada>strada Frunzelor</strada>
            <numar>13</numar>
            <localitate>Iasi</localitate>
            <tara>Romania</tara>
        </adresa>
        <telefon>0747176005</telefon>
    </persoana>
     <persoana id="2">
        <cnp>6030323170043</cnp>
        <nume>Enache</nume>
        <prenume>Maria</prenume>
        <varsta>22</varsta>
        <adresa>
            <strada>strada Stejarilor</strada>
            <numar>19</numar>
            <localitate>Iasi</localitate>
            <tara>Romania</tara>
        </adresa>
        <telefon>0747176021</telefon>
    </persoana>
     <persoana id="3">
        <cnp>6030323170041</cnp>
        <nume>Andrei</nume>
        <prenume>Iulia</prenume>
        <varsta>24</varsta>
        <adresa>
            <strada>strada Cireselor</strada>
            <numar>13</numar>
            <localitate>Galati</localitate>
            <tara>Romania</tara>
        </adresa>
        <telefon>0747376002</telefon>
    </persoana>
</persoane>