[
    {
        "utilizator": "test",
        "parola": "test"
    },
    {
        "username": "maria.enache",
        "pass": "maria",
        "nume": "",
        "prenume": "",
        "email": "",
        "telefon": "",
        "sex": "masculin",
        "mancare_preferata": "",
        "culoare": "#000000",
        "data_nasterii": "",
        "ora_nasterii": "",
        "varsta": "25",
        "adresa_web": "",
        "descriere": ""
    },
    {
        "username": "maria",
        "pass": "maria",
        "nume": "maria",
        "prenume": "maria",
        "email": "maria.enache@student.tuiasi.ro",
        "telefon": "0756848534",
        "sex": "feminin",
        "mancare_preferata": "Supă",
        "culoare": "#c83232",
        "data_nasterii": "2003-03-23",
        "ora_nasterii": "11:00",
        "varsta": "25",
        "adresa_web": "iasi",
        "descriere": "aaaaaaaaaaa"
    }
]